{
  "FilterHeaders": [
    {
      "Header": "user-agent",
      "IncludeInScript": false
    },
    {
      "Header": "ua-cpu",
      "IncludeInScript": true
    },
    {
      "Header": "accept-language",
      "IncludeInScript": false
    },
    {
      "Header": "accept-encoding",
      "IncludeInScript": false
    },
    {
      "Header": "accept",
      "IncludeInScript": false
    }
  ],
  "FilterResources": [
    {
      "IsNonResource": true,
      "type": "text/xml"
    },
    {
      "IsNonResource": true,
      "type": "text/html"
    },
    {
      "IsNonResource": false,
      "type": "text/css"
    }
  ],
  "GeneralInfo": {
    "BrowserVersion": "",
    "IsWinInetMode": false,
    "MaxUsedConnections": 4,
    "RecordedBrowser": "Internet Explorer",
    "RecordingDate": "мар-23-2020",
    "RecordingDuration": 32765,
    "RecordingMode": "N/A",
    "RecordingTimeStamp": 1584984022,
    "RecordingType": "Browser",
    "TotalBytesReceived": 81669,
    "TotalBytesSent": 2113,
    "TotalRequests": 6,
    "UserAgent": "Mozilla/5.0 (Windows NT 10.0; WOW64; Trident/7.0; rv:11.0) like Gecko"
  },
  "HostInfo": [
    {
      "DomainName": "microsoft.com",
      "Domains": [
        {
          "HTTPVersion": "HTTP/1.1",
          "IP": "152.199.19.161",
          "IncludeInScript": true,
          "Name": "iecvlist.microsoft.com",
          "Port": 443,
          "Requests": [
            {
              "CompressionType": "gzip",
              "DataType": "text/xml",
              "DownloadTime": 31,
              "EventId": 213,
              "HttpStatus": 200,
              "Size": 26204,
              "URL": "https://iecvlist.microsoft.com/IE11/1478281996/iecompatviewlist.xml"
            }
          ],
          "SSLCipher": "ECDHE-RSA-AES256-GCM-SHA384",
          "SSLVersion": "TLS1.2"
        },
        {
          "HTTPVersion": "HTTP/1.1",
          "IP": "40.85.83.182",
          "IncludeInScript": true,
          "Name": "c.urs.microsoft.com",
          "Port": 443,
          "Requests": [
            {
              "CompressionType": "",
              "DataType": "",
              "DownloadTime": 62,
              "EventId": 126,
              "HttpStatus": 304,
              "Size": 0,
              "URL": "https://c.urs.microsoft.com/l1.dat?cw=637194112741176080&v=3&cv=9.11.18362.0&os=10.0.18363.0.0&pg=4A72F430-B40C-4D36-A068-CE33ADA5ADF9"
            }
          ],
          "SSLCipher": "ECDHE-RSA-AES256-GCM-SHA384",
          "SSLVersion": "TLS1.2"
        }
      ],
      "IncludeInScript": true
    },
    {
      "DomainName": "gatling.io",
      "Domains": [
        {
          "HTTPVersion": "HTTP/1.1",
          "IP": "35.205.124.134",
          "IncludeInScript": true,
          "Name": "computer-database.gatling.io",
          "Port": 80,
          "Requests": [
            {
              "CompressionType": "",
              "DataType": "text/html",
              "DownloadTime": 78,
              "EventId": 31,
              "HttpStatus": 404,
              "Size": 1910,
              "URL": "http://computer-database.gatling.io/favicon.ico"
            },
            {
              "CompressionType": "",
              "DataType": "text/css",
              "DownloadTime": 125,
              "EventId": 28,
              "HttpStatus": 200,
              "Size": 824,
              "URL": "http://computer-database.gatling.io/assets/stylesheets/main.css"
            },
            {
              "CompressionType": "",
              "DataType": "text/css",
              "DownloadTime": 125,
              "EventId": 25,
              "HttpStatus": 200,
              "Size": 45379,
              "URL": "http://computer-database.gatling.io/assets/stylesheets/bootstrap.min.css"
            },
            {
              "CompressionType": "",
              "DataType": "text/html",
              "DownloadTime": 125,
              "EventId": 23,
              "HttpStatus": 200,
              "Size": 7352,
              "URL": "http://computer-database.gatling.io/computers"
            }
          ],
          "SSLCipher": "None",
          "SSLVersion": "None"
        }
      ],
      "IncludeInScript": true
    }
  ],
  "WebSocket": {
    "IncludeInScript": false,
    "IsScriptIncludeWebSocket": false
  },
  "NumberOfCorrelations": 0
}